ID,OBJ_TABLEID,OBJ_ID,FCST_NODETYPE,DATASRC_TYPE,ORDER,FCST_TIME,LIMIT_UPPER,LIMIT_LOWER,P,DAYTYPE,IS_MODIFY
2,1071,115020,1,0,1,1970-1-1 8:0:0:0,0.000000,0.000000,0.000000,0,0
3,1071,115020,1,0,2,1970-1-1 8:0:0:0,0.000000,0.000000,0.000000,0,0
4,1071,115020,1,0,3,1970-1-1 8:0:0:0,0.000000,0.000000,0.000000,0,0
5,1071,115020,1,0,4,1970-1-1 8:0:0:0,0.000000,0.000000,0.000000,0,0
6,1071,115020,1,0,5,1970-1-1 8:0:0:0,0.000000,0.000000,0.000000,0,0
7,1071,115020,1,0,6,1970-1-1 8:0:0:0,0.000000,0.000000,0.000000,0,0
8,1071,115020,1,0,7,1970-1-1 8:0:0:0,0.000000,0.000000,0.000000,0,0
9,1071,115020,1,0,8,1970-1-1 8:0:0:0,0.000000,0.000000,0.000000,0,0
10,1071,115020,1,0,9,1970-1-1 8:0:0:0,0.000000,0.000000,0.000000,0,0
11,1071,115020,1,0,10,1970-1-1 8:0:0:0,0.000000,0.000000,0.000000,0,0
12,1071,115020,1,0,11,1970-1-1 8:0:0:0,0.000000,0.000000,0.000000,0,0
13,1071,115020,1,0,12,1970-1-1 8:0:0:0,0.000000,0.000000,0.000000,0,0
14,1071,115020,1,0,13,1970-1-1 8:0:0:0,0.000000,0.000000,0.000000,0,0
15,1071,115020,1,0,14,1970-1-1 8:0:0:0,0.000000,0.000000,0.000000,0,0
16,1071,115020,1,0,15,1970-1-1 8:0:0:0,0.000000,0.000000,0.000000,0,0
17,1071,115020,1,0,16,1970-1-1 8:0:0:0,0.000000,0.000000,0.000000,0,0
18,1071,115020,1,0,17,1970-1-1 8:0:0:0,0.000000,0.000000,0.000000,0,0
19,1071,115020,1,0,18,1970-1-1 8:0:0:0,0.000000,0.000000,0.000000,0,0
20,1071,115020,1,0,19,1970-1-1 8:0:0:0,0.000000,0.000000,0.000000,0,0
21,1071,115020,1,0,20,1970-1-1 8:0:0:0,0.000000,0.000000,0.000000,0,0
22,1071,115020,1,0,21,1970-1-1 8:0:0:0,0.000000,0.000000,0.000000,0,0
23,1071,115020,1,0,22,1970-1-1 8:0:0:0,0.000000,0.000000,0.000000,0,0
24,1071,115020,1,0,23,1970-1-1 8:0:0:0,0.000000,0.000000,0.000000,0,0
25,1071,115020,1,0,24,1970-1-1 8:0:0:0,0.000000,0.000000,0.000000,0,0
26,1071,115020,1,0,25,1970-1-1 8:0:0:0,0.000000,0.000000,0.000000,0,0
27,1071,115020,1,0,26,1970-1-1 8:0:0:0,0.000000,0.000000,0.000000,0,0
28,1071,115020,1,0,27,1970-1-1 8:0:0:0,0.000000,0.000000,0.000000,0,0
29,1071,115020,1,0,28,1970-1-1 8:0:0:0,0.000000,0.000000,0.000000,0,0
30,1071,115020,1,0,29,1970-1-1 8:0:0:0,0.000000,0.000000,0.000000,0,0
31,1071,115020,1,0,30,1970-1-1 8:0:0:0,0.000000,0.000000,0.000000,0,0
32,1071,115020,1,0,31,1970-1-1 8:0:0:0,0.000000,0.000000,0.000000,0,0
33,1071,115020,1,0,32,1970-1-1 8:0:0:0,0.000000,0.000000,0.000000,0,0
34,1071,115020,1,0,33,1970-1-1 8:0:0:0,0.000000,0.000000,0.000000,0,0
35,1071,115020,1,0,34,1970-1-1 8:0:0:0,0.000000,0.000000,0.000000,0,0
36,1071,115020,1,0,35,1970-1-1 8:0:0:0,0.000000,0.000000,0.000000,0,0
37,1071,115020,1,0,36,1970-1-1 8:0:0:0,0.000000,0.000000,0.000000,0,0
38,1071,115020,1,0,37,1970-1-1 8:0:0:0,0.000000,0.000000,0.000000,0,0
39,1071,115020,1,0,38,1970-1-1 8:0:0:0,0.000000,0.000000,0.000000,0,0
40,1071,115020,1,0,39,1970-1-1 8:0:0:0,0.000000,0.000000,0.000000,0,0
41,1071,115020,1,0,40,1970-1-1 8:0:0:0,0.000000,0.000000,0.000000,0,0
42,1071,115020,1,0,41,1970-1-1 8:0:0:0,0.000000,0.000000,0.000000,0,0
43,1071,115020,1,0,42,1970-1-1 8:0:0:0,0.000000,0.000000,0.000000,0,0
44,1071,115020,1,0,43,1970-1-1 8:0:0:0,0.000000,0.000000,0.000000,0,0
45,1071,115020,1,0,44,1970-1-1 8:0:0:0,0.000000,0.000000,0.000000,0,0
46,1071,115020,1,0,45,1970-1-1 8:0:0:0,0.000000,0.000000,0.000000,0,0
47,1071,115020,1,0,46,1970-1-1 8:0:0:0,0.000000,0.000000,0.000000,0,0
48,1071,115020,1,0,47,1970-1-1 8:0:0:0,0.000000,0.000000,0.000000,0,0
49,1071,115020,1,0,48,1970-1-1 8:0:0:0,0.000000,0.000000,0.000000,0,0
50,1071,115020,1,0,49,1970-1-1 8:0:0:0,0.000000,0.000000,0.000000,0,0
51,1071,115020,1,0,50,1970-1-1 8:0:0:0,0.000000,0.000000,0.000000,0,0
52,1071,115020,1,0,51,1970-1-1 8:0:0:0,0.000000,0.000000,0.000000,0,0
53,1071,115020,1,0,52,1970-1-1 8:0:0:0,0.000000,0.000000,0.000000,0,0
54,1071,115020,1,0,53,1970-1-1 8:0:0:0,0.000000,0.000000,0.000000,0,0
55,1071,115020,1,0,54,1970-1-1 8:0:0:0,0.000000,0.000000,0.000000,0,0
56,1071,115020,1,0,55,1970-1-1 8:0:0:0,0.000000,0.000000,0.000000,0,0
57,1071,115020,1,0,56,1970-1-1 8:0:0:0,0.000000,0.000000,0.000000,0,0
58,1071,115020,1,0,57,1970-1-1 8:0:0:0,0.000000,0.000000,0.000000,0,0
59,1071,115020,1,0,58,1970-1-1 8:0:0:0,0.000000,0.000000,0.000000,0,0
60,1071,115020,1,0,59,1970-1-1 8:0:0:0,0.000000,0.000000,0.000000,0,0
61,1071,115020,1,0,60,1970-1-1 8:0:0:0,0.000000,0.000000,0.000000,0,0
62,1071,115020,1,0,61,1970-1-1 8:0:0:0,0.000000,0.000000,0.000000,0,0
63,1071,115020,1,0,62,1970-1-1 8:0:0:0,0.000000,0.000000,0.000000,0,0
64,1071,115020,1,0,63,1970-1-1 8:0:0:0,0.000000,0.000000,0.000000,0,0
65,1071,115020,1,0,64,1970-1-1 8:0:0:0,0.000000,0.000000,0.000000,0,0
66,1071,115020,1,0,65,1970-1-1 8:0:0:0,0.000000,0.000000,0.000000,0,0
67,1071,115020,1,0,66,1970-1-1 8:0:0:0,0.000000,0.000000,0.000000,0,0
68,1071,115020,1,0,67,1970-1-1 8:0:0:0,0.000000,0.000000,0.000000,0,0
69,1071,115020,1,0,68,1970-1-1 8:0:0:0,0.000000,0.000000,0.000000,0,0
70,1071,115020,1,0,69,1970-1-1 8:0:0:0,0.000000,0.000000,0.000000,0,0
71,1071,115020,1,0,70,1970-1-1 8:0:0:0,0.000000,0.000000,0.000000,0,0
72,1071,115020,1,0,71,1970-1-1 8:0:0:0,0.000000,0.000000,0.000000,0,0
73,1071,115020,1,0,72,1970-1-1 8:0:0:0,0.000000,0.000000,0.000000,0,0
74,1071,115020,1,0,73,1970-1-1 8:0:0:0,0.000000,0.000000,0.000000,0,0
75,1071,115020,1,0,74,1970-1-1 8:0:0:0,0.000000,0.000000,0.000000,0,0
76,1071,115020,1,0,75,1970-1-1 8:0:0:0,0.000000,0.000000,0.000000,0,0
77,1071,115020,1,0,76,1970-1-1 8:0:0:0,0.000000,0.000000,0.000000,0,0
78,1071,115020,1,0,77,1970-1-1 8:0:0:0,0.000000,0.000000,0.000000,0,0
79,1071,115020,1,0,78,1970-1-1 8:0:0:0,0.000000,0.000000,0.000000,0,0
80,1071,115020,1,0,79,1970-1-1 8:0:0:0,0.000000,0.000000,0.000000,0,0
81,1071,115020,1,0,80,1970-1-1 8:0:0:0,0.000000,0.000000,0.000000,0,0
82,1071,115020,1,0,81,1970-1-1 8:0:0:0,0.000000,0.000000,0.000000,0,0
83,1071,115020,1,0,82,1970-1-1 8:0:0:0,0.000000,0.000000,0.000000,0,0
84,1071,115020,1,0,83,1970-1-1 8:0:0:0,0.000000,0.000000,0.000000,0,0
85,1071,115020,1,0,84,1970-1-1 8:0:0:0,0.000000,0.000000,0.000000,0,0
86,1071,115020,1,0,85,1970-1-1 8:0:0:0,0.000000,0.000000,0.000000,0,0
87,1071,115020,1,0,86,1970-1-1 8:0:0:0,0.000000,0.000000,0.000000,0,0
88,1071,115020,1,0,87,1970-1-1 8:0:0:0,0.000000,0.000000,0.000000,0,0
89,1071,115020,1,0,88,1970-1-1 8:0:0:0,0.000000,0.000000,0.000000,0,0
90,1071,115020,1,0,89,1970-1-1 8:0:0:0,0.000000,0.000000,0.000000,0,0
91,1071,115020,1,0,90,1970-1-1 8:0:0:0,0.000000,0.000000,0.000000,0,0
92,1071,115020,1,0,91,1970-1-1 8:0:0:0,0.000000,0.000000,0.000000,0,0
93,1071,115020,1,0,92,1970-1-1 8:0:0:0,0.000000,0.000000,0.000000,0,0
94,1071,115020,1,0,93,1970-1-1 8:0:0:0,0.000000,0.000000,0.000000,0,0
95,1071,115020,1,0,94,1970-1-1 8:0:0:0,0.000000,0.000000,0.000000,0,0
96,1071,115020,1,0,95,1970-1-1 8:0:0:0,0.000000,0.000000,0.000000,0,0
97,1071,115020,1,0,96,1970-1-1 8:0:0:0,0.000000,0.000000,0.000000,0,0
98,1071,115020,1,0,97,1970-1-1 8:0:0:0,0.000000,0.000000,0.000000,0,0
99,1071,115020,1,0,98,1970-1-1 8:0:0:0,0.000000,0.000000,0.000000,0,0
100,1071,115020,1,0,99,1970-1-1 8:0:0:0,0.000000,0.000000,0.000000,0,0
101,1071,115020,1,0,100,1970-1-1 8:0:0:0,0.000000,0.000000,0.000000,0,0
102,1071,115020,1,0,101,1970-1-1 8:0:0:0,0.000000,0.000000,0.000000,0,0
103,1071,115020,1,0,102,1970-1-1 8:0:0:0,0.000000,0.000000,0.000000,0,0
104,1071,115020,1,0,103,1970-1-1 8:0:0:0,0.000000,0.000000,0.000000,0,0
105,1071,115020,1,0,104,1970-1-1 8:0:0:0,0.000000,0.000000,0.000000,0,0
106,1071,115020,1,0,105,1970-1-1 8:0:0:0,0.000000,0.000000,0.000000,0,0
107,1071,115020,1,0,106,1970-1-1 8:0:0:0,0.000000,0.000000,0.000000,0,0
108,1071,115020,1,0,107,1970-1-1 8:0:0:0,0.000000,0.000000,0.000000,0,0
109,1071,115020,1,0,108,1970-1-1 8:0:0:0,0.000000,0.000000,0.000000,0,0
110,1071,115020,1,0,109,1970-1-1 8:0:0:0,0.000000,0.000000,0.000000,0,0
111,1071,115020,1,0,110,1970-1-1 8:0:0:0,0.000000,0.000000,0.000000,0,0
112,1071,115020,1,0,111,1970-1-1 8:0:0:0,0.000000,0.000000,0.000000,0,0
113,1071,115020,1,0,112,1970-1-1 8:0:0:0,0.000000,0.000000,0.000000,0,0
114,1071,115020,1,0,113,1970-1-1 8:0:0:0,0.000000,0.000000,0.000000,0,0
115,1071,115020,1,0,114,1970-1-1 8:0:0:0,0.000000,0.000000,0.000000,0,0
116,1071,115020,1,0,115,1970-1-1 8:0:0:0,0.000000,0.000000,0.000000,0,0
117,1071,115020,1,0,116,1970-1-1 8:0:0:0,0.000000,0.000000,0.000000,0,0
118,1071,115020,1,0,117,1970-1-1 8:0:0:0,0.000000,0.000000,0.000000,0,0
119,1071,115020,1,0,118,1970-1-1 8:0:0:0,0.000000,0.000000,0.000000,0,0
120,1071,115020,1,0,119,1970-1-1 8:0:0:0,0.000000,0.000000,0.000000,0,0
121,1071,115020,1,0,120,1970-1-1 8:0:0:0,0.000000,0.000000,0.000000,0,0
122,1071,115020,1,0,121,1970-1-1 8:0:0:0,0.000000,0.000000,0.000000,0,0
123,1071,115020,1,0,122,1970-1-1 8:0:0:0,0.000000,0.000000,0.000000,0,0
124,1071,115020,1,0,123,1970-1-1 8:0:0:0,0.000000,0.000000,0.000000,0,0
125,1071,115020,1,0,124,1970-1-1 8:0:0:0,0.000000,0.000000,0.000000,0,0
126,1071,115020,1,0,125,1970-1-1 8:0:0:0,0.000000,0.000000,0.000000,0,0
127,1071,115020,1,0,126,1970-1-1 8:0:0:0,0.000000,0.000000,0.000000,0,0
128,1071,115020,1,0,127,1970-1-1 8:0:0:0,0.000000,0.000000,0.000000,0,0
129,1071,115020,1,0,128,1970-1-1 8:0:0:0,0.000000,0.000000,0.000000,0,0
130,1071,115020,1,0,129,1970-1-1 8:0:0:0,0.000000,0.000000,0.000000,0,0
131,1071,115020,1,0,130,1970-1-1 8:0:0:0,0.000000,0.000000,0.000000,0,0
132,1071,115020,1,0,131,1970-1-1 8:0:0:0,0.000000,0.000000,0.000000,0,0
133,1071,115020,1,0,132,1970-1-1 8:0:0:0,0.000000,0.000000,0.000000,0,0
134,1071,115020,1,0,133,1970-1-1 8:0:0:0,0.000000,0.000000,0.000000,0,0
135,1071,115020,1,0,134,1970-1-1 8:0:0:0,0.000000,0.000000,0.000000,0,0
136,1071,115020,1,0,135,1970-1-1 8:0:0:0,0.000000,0.000000,0.000000,0,0
137,1071,115020,1,0,136,1970-1-1 8:0:0:0,0.000000,0.000000,0.000000,0,0
138,1071,115020,1,0,137,1970-1-1 8:0:0:0,0.000000,0.000000,0.000000,0,0
139,1071,115020,1,0,138,1970-1-1 8:0:0:0,0.000000,0.000000,0.000000,0,0
140,1071,115020,1,0,139,1970-1-1 8:0:0:0,0.000000,0.000000,0.000000,0,0
141,1071,115020,1,0,140,1970-1-1 8:0:0:0,0.000000,0.000000,0.000000,0,0
142,1071,115020,1,0,141,1970-1-1 8:0:0:0,0.000000,0.000000,0.000000,0,0
143,1071,115020,1,0,142,1970-1-1 8:0:0:0,0.000000,0.000000,0.000000,0,0
144,1071,115020,1,0,143,1970-1-1 8:0:0:0,0.000000,0.000000,0.000000,0,0
145,1071,115020,1,0,144,1970-1-1 8:0:0:0,0.000000,0.000000,0.000000,0,0
146,1071,115020,1,0,145,1970-1-1 8:0:0:0,0.000000,0.000000,0.000000,0,0
147,1071,115020,1,0,146,1970-1-1 8:0:0:0,0.000000,0.000000,0.000000,0,0
148,1071,115020,1,0,147,1970-1-1 8:0:0:0,0.000000,0.000000,0.000000,0,0
149,1071,115020,1,0,148,1970-1-1 8:0:0:0,0.000000,0.000000,0.000000,0,0
150,1071,115020,1,0,149,1970-1-1 8:0:0:0,0.000000,0.000000,0.000000,0,0
151,1071,115020,1,0,150,1970-1-1 8:0:0:0,0.000000,0.000000,0.000000,0,0
152,1071,115020,1,0,151,1970-1-1 8:0:0:0,0.000000,0.000000,0.000000,0,0
153,1071,115020,1,0,152,1970-1-1 8:0:0:0,0.000000,0.000000,0.000000,0,0
154,1071,115020,1,0,153,1970-1-1 8:0:0:0,0.000000,0.000000,0.000000,0,0
155,1071,115020,1,0,154,1970-1-1 8:0:0:0,0.000000,0.000000,0.000000,0,0
156,1071,115020,1,0,155,1970-1-1 8:0:0:0,0.000000,0.000000,0.000000,0,0
157,1071,115020,1,0,156,1970-1-1 8:0:0:0,0.000000,0.000000,0.000000,0,0
158,1071,115020,1,0,157,1970-1-1 8:0:0:0,0.000000,0.000000,0.000000,0,0
159,1071,115020,1,0,158,1970-1-1 8:0:0:0,0.000000,0.000000,0.000000,0,0
160,1071,115020,1,0,159,1970-1-1 8:0:0:0,0.000000,0.000000,0.000000,0,0
161,1071,115020,1,0,160,1970-1-1 8:0:0:0,0.000000,0.000000,0.000000,0,0
162,1071,115020,1,0,161,1970-1-1 8:0:0:0,0.000000,0.000000,0.000000,0,0
163,1071,115020,1,0,162,1970-1-1 8:0:0:0,0.000000,0.000000,0.000000,0,0
164,1071,115020,1,0,163,1970-1-1 8:0:0:0,0.000000,0.000000,0.000000,0,0
165,1071,115020,1,0,164,1970-1-1 8:0:0:0,0.000000,0.000000,0.000000,0,0
166,1071,115020,1,0,165,1970-1-1 8:0:0:0,0.000000,0.000000,0.000000,0,0
167,1071,115020,1,0,166,1970-1-1 8:0:0:0,0.000000,0.000000,0.000000,0,0
168,1071,115020,1,0,167,1970-1-1 8:0:0:0,0.000000,0.000000,0.000000,0,0
169,1071,115020,1,0,168,1970-1-1 8:0:0:0,0.000000,0.000000,0.000000,0,0
170,1071,115020,1,0,169,1970-1-1 8:0:0:0,0.000000,0.000000,0.000000,0,0
171,1071,115020,1,0,170,1970-1-1 8:0:0:0,0.000000,0.000000,0.000000,0,0
172,1071,115020,1,0,171,1970-1-1 8:0:0:0,0.000000,0.000000,0.000000,0,0
173,1071,115020,1,0,172,1970-1-1 8:0:0:0,0.000000,0.000000,0.000000,0,0
174,1071,115020,1,0,173,1970-1-1 8:0:0:0,0.000000,0.000000,0.000000,0,0
175,1071,115020,1,0,174,1970-1-1 8:0:0:0,0.000000,0.000000,0.000000,0,0
176,1071,115020,1,0,175,1970-1-1 8:0:0:0,0.000000,0.000000,0.000000,0,0
177,1071,115020,1,0,176,1970-1-1 8:0:0:0,0.000000,0.000000,0.000000,0,0
178,1071,115020,1,0,177,1970-1-1 8:0:0:0,0.000000,0.000000,0.000000,0,0
179,1071,115020,1,0,178,1970-1-1 8:0:0:0,0.000000,0.000000,0.000000,0,0
180,1071,115020,1,0,179,1970-1-1 8:0:0:0,0.000000,0.000000,0.000000,0,0
181,1071,115020,1,0,180,1970-1-1 8:0:0:0,0.000000,0.000000,0.000000,0,0
182,1071,115020,1,0,181,1970-1-1 8:0:0:0,0.000000,0.000000,0.000000,0,0
183,1071,115020,1,0,182,1970-1-1 8:0:0:0,0.000000,0.000000,0.000000,0,0
184,1071,115020,1,0,183,1970-1-1 8:0:0:0,0.000000,0.000000,0.000000,0,0
185,1071,115020,1,0,184,1970-1-1 8:0:0:0,0.000000,0.000000,0.000000,0,0
186,1071,115020,1,0,185,1970-1-1 8:0:0:0,0.000000,0.000000,0.000000,0,0
187,1071,115020,1,0,186,1970-1-1 8:0:0:0,0.000000,0.000000,0.000000,0,0
188,1071,115020,1,0,187,1970-1-1 8:0:0:0,0.000000,0.000000,0.000000,0,0
189,1071,115020,1,0,188,1970-1-1 8:0:0:0,0.000000,0.000000,0.000000,0,0
190,1071,115020,1,0,189,1970-1-1 8:0:0:0,0.000000,0.000000,0.000000,0,0
191,1071,115020,1,0,190,1970-1-1 8:0:0:0,0.000000,0.000000,0.000000,0,0
192,1071,115020,1,0,191,1970-1-1 8:0:0:0,0.000000,0.000000,0.000000,0,0
193,1071,115020,1,0,192,1970-1-1 8:0:0:0,0.000000,0.000000,0.000000,0,0
194,1071,115020,1,0,193,1970-1-1 8:0:0:0,0.000000,0.000000,0.000000,0,0
195,1071,115020,1,0,194,1970-1-1 8:0:0:0,0.000000,0.000000,0.000000,0,0
196,1071,115020,1,0,195,1970-1-1 8:0:0:0,0.000000,0.000000,0.000000,0,0
197,1071,115020,1,0,196,1970-1-1 8:0:0:0,0.000000,0.000000,0.000000,0,0
198,1071,115020,1,0,197,1970-1-1 8:0:0:0,0.000000,0.000000,0.000000,0,0
199,1071,115020,1,0,198,1970-1-1 8:0:0:0,0.000000,0.000000,0.000000,0,0
200,1071,115020,1,0,199,1970-1-1 8:0:0:0,0.000000,0.000000,0.000000,0,0
201,1071,115020,1,0,200,1970-1-1 8:0:0:0,0.000000,0.000000,0.000000,0,0
202,1071,115020,1,0,201,1970-1-1 8:0:0:0,0.000000,0.000000,0.000000,0,0
203,1071,115020,1,0,202,1970-1-1 8:0:0:0,0.000000,0.000000,0.000000,0,0
204,1071,115020,1,0,203,1970-1-1 8:0:0:0,0.000000,0.000000,0.000000,0,0
205,1071,115020,1,0,204,1970-1-1 8:0:0:0,0.000000,0.000000,0.000000,0,0
206,1071,115020,1,0,205,1970-1-1 8:0:0:0,0.000000,0.000000,0.000000,0,0
207,1071,115020,1,0,206,1970-1-1 8:0:0:0,0.000000,0.000000,0.000000,0,0
208,1071,115020,1,0,207,1970-1-1 8:0:0:0,0.000000,0.000000,0.000000,0,0
209,1071,115020,1,0,208,1970-1-1 8:0:0:0,0.000000,0.000000,0.000000,0,0
210,1071,115020,1,0,209,1970-1-1 8:0:0:0,0.000000,0.000000,0.000000,0,0
211,1071,115020,1,0,210,1970-1-1 8:0:0:0,0.000000,0.000000,0.000000,0,0
212,1071,115020,1,0,211,1970-1-1 8:0:0:0,0.000000,0.000000,0.000000,0,0
213,1071,115020,1,0,212,1970-1-1 8:0:0:0,0.000000,0.000000,0.000000,0,0
214,1071,115020,1,0,213,1970-1-1 8:0:0:0,0.000000,0.000000,0.000000,0,0
215,1071,115020,1,0,214,1970-1-1 8:0:0:0,0.000000,0.000000,0.000000,0,0
216,1071,115020,1,0,215,1970-1-1 8:0:0:0,0.000000,0.000000,0.000000,0,0
217,1071,115020,1,0,216,1970-1-1 8:0:0:0,0.000000,0.000000,0.000000,0,0
218,1071,115020,1,0,217,1970-1-1 8:0:0:0,0.000000,0.000000,0.000000,0,0
219,1071,115020,1,0,218,1970-1-1 8:0:0:0,0.000000,0.000000,0.000000,0,0
220,1071,115020,1,0,219,1970-1-1 8:0:0:0,0.000000,0.000000,0.000000,0,0
221,1071,115020,1,0,220,1970-1-1 8:0:0:0,0.000000,0.000000,0.000000,0,0
222,1071,115020,1,0,221,1970-1-1 8:0:0:0,0.000000,0.000000,0.000000,0,0
223,1071,115020,1,0,222,1970-1-1 8:0:0:0,0.000000,0.000000,0.000000,0,0
224,1071,115020,1,0,223,1970-1-1 8:0:0:0,0.000000,0.000000,0.000000,0,0
225,1071,115020,1,0,224,1970-1-1 8:0:0:0,0.000000,0.000000,0.000000,0,0
226,1071,115020,1,0,225,1970-1-1 8:0:0:0,0.000000,0.000000,0.000000,0,0
227,1071,115020,1,0,226,1970-1-1 8:0:0:0,0.000000,0.000000,0.000000,0,0
228,1071,115020,1,0,227,1970-1-1 8:0:0:0,0.000000,0.000000,0.000000,0,0
229,1071,115020,1,0,228,1970-1-1 8:0:0:0,0.000000,0.000000,0.000000,0,0
230,1071,115020,1,0,229,1970-1-1 8:0:0:0,0.000000,0.000000,0.000000,0,0
231,1071,115020,1,0,230,1970-1-1 8:0:0:0,0.000000,0.000000,0.000000,0,0
232,1071,115020,1,0,231,1970-1-1 8:0:0:0,0.000000,0.000000,0.000000,0,0
233,1071,115020,1,0,232,1970-1-1 8:0:0:0,0.000000,0.000000,0.000000,0,0
234,1071,115020,1,0,233,1970-1-1 8:0:0:0,0.000000,0.000000,0.000000,0,0
235,1071,115020,1,0,234,1970-1-1 8:0:0:0,0.000000,0.000000,0.000000,0,0
236,1071,115020,1,0,235,1970-1-1 8:0:0:0,0.000000,0.000000,0.000000,0,0
237,1071,115020,1,0,236,1970-1-1 8:0:0:0,0.000000,0.000000,0.000000,0,0
238,1071,115020,1,0,237,1970-1-1 8:0:0:0,0.000000,0.000000,0.000000,0,0
239,1071,115020,1,0,238,1970-1-1 8:0:0:0,0.000000,0.000000,0.000000,0,0
240,1071,115020,1,0,239,1970-1-1 8:0:0:0,0.000000,0.000000,0.000000,0,0
241,1071,115020,1,0,240,1970-1-1 8:0:0:0,0.000000,0.000000,0.000000,0,0
242,1071,115020,1,0,241,1970-1-1 8:0:0:0,0.000000,0.000000,0.000000,0,0
243,1071,115020,1,0,242,1970-1-1 8:0:0:0,0.000000,0.000000,0.000000,0,0
244,1071,115020,1,0,243,1970-1-1 8:0:0:0,0.000000,0.000000,0.000000,0,0
245,1071,115020,1,0,244,1970-1-1 8:0:0:0,0.000000,0.000000,0.000000,0,0
246,1071,115020,1,0,245,1970-1-1 8:0:0:0,0.000000,0.000000,0.000000,0,0
247,1071,115020,1,0,246,1970-1-1 8:0:0:0,0.000000,0.000000,0.000000,0,0
248,1071,115020,1,0,247,1970-1-1 8:0:0:0,0.000000,0.000000,0.000000,0,0
249,1071,115020,1,0,248,1970-1-1 8:0:0:0,0.000000,0.000000,0.000000,0,0
250,1071,115020,1,0,249,1970-1-1 8:0:0:0,0.000000,0.000000,0.000000,0,0
251,1071,115020,1,0,250,1970-1-1 8:0:0:0,0.000000,0.000000,0.000000,0,0
252,1071,115020,1,0,251,1970-1-1 8:0:0:0,0.000000,0.000000,0.000000,0,0
253,1071,115020,1,0,252,1970-1-1 8:0:0:0,0.000000,0.000000,0.000000,0,0
254,1071,115020,1,0,253,1970-1-1 8:0:0:0,0.000000,0.000000,0.000000,0,0
255,1071,115020,1,0,254,1970-1-1 8:0:0:0,0.000000,0.000000,0.000000,0,0
256,1071,115020,1,0,255,1970-1-1 8:0:0:0,0.000000,0.000000,0.000000,0,0
257,1071,115020,1,0,256,1970-1-1 8:0:0:0,0.000000,0.000000,0.000000,0,0
258,1071,115020,1,0,257,1970-1-1 8:0:0:0,0.000000,0.000000,0.000000,0,0
259,1071,115020,1,0,258,1970-1-1 8:0:0:0,0.000000,0.000000,0.000000,0,0
260,1071,115020,1,0,259,1970-1-1 8:0:0:0,0.000000,0.000000,0.000000,0,0
261,1071,115020,1,0,260,1970-1-1 8:0:0:0,0.000000,0.000000,0.000000,0,0
262,1071,115020,1,0,261,1970-1-1 8:0:0:0,0.000000,0.000000,0.000000,0,0
263,1071,115020,1,0,262,1970-1-1 8:0:0:0,0.000000,0.000000,0.000000,0,0
264,1071,115020,1,0,263,1970-1-1 8:0:0:0,0.000000,0.000000,0.000000,0,0
265,1071,115020,1,0,264,1970-1-1 8:0:0:0,0.000000,0.000000,0.000000,0,0
266,1071,115020,1,0,265,1970-1-1 8:0:0:0,0.000000,0.000000,0.000000,0,0
267,1071,115020,1,0,266,1970-1-1 8:0:0:0,0.000000,0.000000,0.000000,0,0
268,1071,115020,1,0,267,1970-1-1 8:0:0:0,0.000000,0.000000,0.000000,0,0
269,1071,115020,1,0,268,1970-1-1 8:0:0:0,0.000000,0.000000,0.000000,0,0
270,1071,115020,1,0,269,1970-1-1 8:0:0:0,0.000000,0.000000,0.000000,0,0
271,1071,115020,1,0,270,1970-1-1 8:0:0:0,0.000000,0.000000,0.000000,0,0
272,1071,115020,1,0,271,1970-1-1 8:0:0:0,0.000000,0.000000,0.000000,0,0
273,1071,115020,1,0,272,1970-1-1 8:0:0:0,0.000000,0.000000,0.000000,0,0
274,1071,115020,1,0,273,1970-1-1 8:0:0:0,0.000000,0.000000,0.000000,0,0
275,1071,115020,1,0,274,1970-1-1 8:0:0:0,0.000000,0.000000,0.000000,0,0
276,1071,115020,1,0,275,1970-1-1 8:0:0:0,0.000000,0.000000,0.000000,0,0
277,1071,115020,1,0,276,1970-1-1 8:0:0:0,0.000000,0.000000,0.000000,0,0
278,1071,115020,1,0,277,1970-1-1 8:0:0:0,0.000000,0.000000,0.000000,0,0
279,1071,115020,1,0,278,1970-1-1 8:0:0:0,0.000000,0.000000,0.000000,0,0
280,1071,115020,1,0,279,1970-1-1 8:0:0:0,0.000000,0.000000,0.000000,0,0
281,1071,115020,1,0,280,1970-1-1 8:0:0:0,0.000000,0.000000,0.000000,0,0
282,1071,115020,1,0,281,1970-1-1 8:0:0:0,0.000000,0.000000,0.000000,0,0
283,1071,115020,1,0,282,1970-1-1 8:0:0:0,0.000000,0.000000,0.000000,0,0
284,1071,115020,1,0,283,1970-1-1 8:0:0:0,0.000000,0.000000,0.000000,0,0
285,1071,115020,1,0,284,1970-1-1 8:0:0:0,0.000000,0.000000,0.000000,0,0
286,1071,115020,1,0,285,1970-1-1 8:0:0:0,0.000000,0.000000,0.000000,0,0
287,1071,115020,1,0,286,1970-1-1 8:0:0:0,0.000000,0.000000,0.000000,0,0
288,1071,115020,1,0,287,1970-1-1 8:0:0:0,0.000000,0.000000,0.000000,0,0
289,1071,115020,1,0,288,1970-1-1 8:0:0:0,0.000000,0.000000,0.000000,0,0
290,1071,115020,1,0,289,1970-1-1 8:0:0:0,0.000000,0.000000,0.000000,0,0
291,1071,115020,1,0,290,1970-1-1 8:0:0:0,0.000000,0.000000,0.000000,0,0
292,1071,115020,1,0,291,1970-1-1 8:0:0:0,0.000000,0.000000,0.000000,0,0
293,1071,115020,1,0,292,1970-1-1 8:0:0:0,0.000000,0.000000,0.000000,0,0
294,1071,115020,1,0,293,1970-1-1 8:0:0:0,0.000000,0.000000,0.000000,0,0
295,1071,115020,1,0,294,1970-1-1 8:0:0:0,0.000000,0.000000,0.000000,0,0
296,1071,115020,1,0,295,1970-1-1 8:0:0:0,0.000000,0.000000,0.000000,0,0
297,1071,115020,1,0,296,1970-1-1 8:0:0:0,0.000000,0.000000,0.000000,0,0
298,1071,115020,1,0,297,1970-1-1 8:0:0:0,0.000000,0.000000,0.000000,0,0
299,1071,115020,1,0,298,1970-1-1 8:0:0:0,0.000000,0.000000,0.000000,0,0
300,1071,115020,1,0,299,1970-1-1 8:0:0:0,0.000000,0.000000,0.000000,0,0
301,1071,115020,1,0,300,1970-1-1 8:0:0:0,0.000000,0.000000,0.000000,0,0
302,1071,115020,1,0,301,1970-1-1 8:0:0:0,0.000000,0.000000,0.000000,0,0
303,1071,115020,1,0,302,1970-1-1 8:0:0:0,0.000000,0.000000,0.000000,0,0
304,1071,115020,1,0,303,1970-1-1 8:0:0:0,0.000000,0.000000,0.000000,0,0
305,1071,115020,1,0,304,1970-1-1 8:0:0:0,0.000000,0.000000,0.000000,0,0
306,1071,115020,1,0,305,1970-1-1 8:0:0:0,0.000000,0.000000,0.000000,0,0
307,1071,115020,1,0,306,1970-1-1 8:0:0:0,0.000000,0.000000,0.000000,0,0
308,1071,115020,1,0,307,1970-1-1 8:0:0:0,0.000000,0.000000,0.000000,0,0
309,1071,115020,1,0,308,1970-1-1 8:0:0:0,0.000000,0.000000,0.000000,0,0
310,1071,115020,1,0,309,1970-1-1 8:0:0:0,0.000000,0.000000,0.000000,0,0
311,1071,115020,1,0,310,1970-1-1 8:0:0:0,0.000000,0.000000,0.000000,0,0
312,1071,115020,1,0,311,1970-1-1 8:0:0:0,0.000000,0.000000,0.000000,0,0
313,1071,115020,1,0,312,1970-1-1 8:0:0:0,0.000000,0.000000,0.000000,0,0
314,1071,115020,1,0,313,1970-1-1 8:0:0:0,0.000000,0.000000,0.000000,0,0
315,1071,115020,1,0,314,1970-1-1 8:0:0:0,0.000000,0.000000,0.000000,0,0
316,1071,115020,1,0,315,1970-1-1 8:0:0:0,0.000000,0.000000,0.000000,0,0
317,1071,115020,1,0,316,1970-1-1 8:0:0:0,0.000000,0.000000,0.000000,0,0
318,1071,115020,1,0,317,1970-1-1 8:0:0:0,0.000000,0.000000,0.000000,0,0
319,1071,115020,1,0,318,1970-1-1 8:0:0:0,0.000000,0.000000,0.000000,0,0
320,1071,115020,1,0,319,1970-1-1 8:0:0:0,0.000000,0.000000,0.000000,0,0
321,1071,115020,1,0,320,1970-1-1 8:0:0:0,0.000000,0.000000,0.000000,0,0
322,1071,115020,1,0,321,1970-1-1 8:0:0:0,0.000000,0.000000,0.000000,0,0
323,1071,115020,1,0,322,1970-1-1 8:0:0:0,0.000000,0.000000,0.000000,0,0
324,1071,115020,1,0,323,1970-1-1 8:0:0:0,0.000000,0.000000,0.000000,0,0
325,1071,115020,1,0,324,1970-1-1 8:0:0:0,0.000000,0.000000,0.000000,0,0
326,1071,115020,1,0,325,1970-1-1 8:0:0:0,0.000000,0.000000,0.000000,0,0
327,1071,115020,1,0,326,1970-1-1 8:0:0:0,0.000000,0.000000,0.000000,0,0
328,1071,115020,1,0,327,1970-1-1 8:0:0:0,0.000000,0.000000,0.000000,0,0
329,1071,115020,1,0,328,1970-1-1 8:0:0:0,0.000000,0.000000,0.000000,0,0
330,1071,115020,1,0,329,1970-1-1 8:0:0:0,0.000000,0.000000,0.000000,0,0
331,1071,115020,1,0,330,1970-1-1 8:0:0:0,0.000000,0.000000,0.000000,0,0
332,1071,115020,1,0,331,1970-1-1 8:0:0:0,0.000000,0.000000,0.000000,0,0
333,1071,115020,1,0,332,1970-1-1 8:0:0:0,0.000000,0.000000,0.000000,0,0
334,1071,115020,1,0,333,1970-1-1 8:0:0:0,0.000000,0.000000,0.000000,0,0
335,1071,115020,1,0,334,1970-1-1 8:0:0:0,0.000000,0.000000,0.000000,0,0
336,1071,115020,1,0,335,1970-1-1 8:0:0:0,0.000000,0.000000,0.000000,0,0
337,1071,115020,1,0,336,1970-1-1 8:0:0:0,0.000000,0.000000,0.000000,0,0
338,1071,115020,1,0,337,1970-1-1 8:0:0:0,0.000000,0.000000,0.000000,0,0
339,1071,115020,1,0,338,1970-1-1 8:0:0:0,0.000000,0.000000,0.000000,0,0
340,1071,115020,1,0,339,1970-1-1 8:0:0:0,0.000000,0.000000,0.000000,0,0
341,1071,115020,1,0,340,1970-1-1 8:0:0:0,0.000000,0.000000,0.000000,0,0
342,1071,115020,1,0,341,1970-1-1 8:0:0:0,0.000000,0.000000,0.000000,0,0
343,1071,115020,1,0,342,1970-1-1 8:0:0:0,0.000000,0.000000,0.000000,0,0
344,1071,115020,1,0,343,1970-1-1 8:0:0:0,0.000000,0.000000,0.000000,0,0
345,1071,115020,1,0,344,1970-1-1 8:0:0:0,0.000000,0.000000,0.000000,0,0
346,1071,115020,1,0,345,1970-1-1 8:0:0:0,0.000000,0.000000,0.000000,0,0
347,1071,115020,1,0,346,1970-1-1 8:0:0:0,0.000000,0.000000,0.000000,0,0
348,1071,115020,1,0,347,1970-1-1 8:0:0:0,0.000000,0.000000,0.000000,0,0
349,1071,115020,1,0,348,1970-1-1 8:0:0:0,0.000000,0.000000,0.000000,0,0
350,1071,115020,1,0,349,1970-1-1 8:0:0:0,0.000000,0.000000,0.000000,0,0
351,1071,115020,1,0,350,1970-1-1 8:0:0:0,0.000000,0.000000,0.000000,0,0
352,1071,115020,1,0,351,1970-1-1 8:0:0:0,0.000000,0.000000,0.000000,0,0
353,1071,115020,1,0,352,1970-1-1 8:0:0:0,0.000000,0.000000,0.000000,0,0
354,1071,115020,1,0,353,1970-1-1 8:0:0:0,0.000000,0.000000,0.000000,0,0
355,1071,115020,1,0,354,1970-1-1 8:0:0:0,0.000000,0.000000,0.000000,0,0
356,1071,115020,1,0,355,1970-1-1 8:0:0:0,0.000000,0.000000,0.000000,0,0
357,1071,115020,1,0,356,1970-1-1 8:0:0:0,0.000000,0.000000,0.000000,0,0
358,1071,115020,1,0,357,1970-1-1 8:0:0:0,0.000000,0.000000,0.000000,0,0
359,1071,115020,1,0,358,1970-1-1 8:0:0:0,0.000000,0.000000,0.000000,0,0
360,1071,115020,1,0,359,1970-1-1 8:0:0:0,0.000000,0.000000,0.000000,0,0
361,1071,115020,1,0,360,1970-1-1 8:0:0:0,0.000000,0.000000,0.000000,0,0
362,1071,115020,1,0,361,1970-1-1 8:0:0:0,0.000000,0.000000,0.000000,0,0
363,1071,115020,1,0,362,1970-1-1 8:0:0:0,0.000000,0.000000,0.000000,0,0
364,1071,115020,1,0,363,1970-1-1 8:0:0:0,0.000000,0.000000,0.000000,0,0
365,1071,115020,1,0,364,1970-1-1 8:0:0:0,0.000000,0.000000,0.000000,0,0
366,1071,115020,1,0,365,1970-1-1 8:0:0:0,0.000000,0.000000,0.000000,0,0
367,1071,115020,1,0,366,1970-1-1 8:0:0:0,0.000000,0.000000,0.000000,0,0
368,1071,115020,1,0,367,1970-1-1 8:0:0:0,0.000000,0.000000,0.000000,0,0
369,1071,115020,1,0,368,1970-1-1 8:0:0:0,0.000000,0.000000,0.000000,0,0
370,1071,115020,1,0,369,1970-1-1 8:0:0:0,0.000000,0.000000,0.000000,0,0
371,1071,115020,1,0,370,1970-1-1 8:0:0:0,0.000000,0.000000,0.000000,0,0
372,1071,115020,1,0,371,1970-1-1 8:0:0:0,0.000000,0.000000,0.000000,0,0
373,1071,115020,1,0,372,1970-1-1 8:0:0:0,0.000000,0.000000,0.000000,0,0
374,1071,115020,1,0,373,1970-1-1 8:0:0:0,0.000000,0.000000,0.000000,0,0
375,1071,115020,1,0,374,1970-1-1 8:0:0:0,0.000000,0.000000,0.000000,0,0
376,1071,115020,1,0,375,1970-1-1 8:0:0:0,0.000000,0.000000,0.000000,0,0
377,1071,115020,1,0,376,1970-1-1 8:0:0:0,0.000000,0.000000,0.000000,0,0
378,1071,115020,1,0,377,1970-1-1 8:0:0:0,0.000000,0.000000,0.000000,0,0
379,1071,115020,1,0,378,1970-1-1 8:0:0:0,0.000000,0.000000,0.000000,0,0
380,1071,115020,1,0,379,1970-1-1 8:0:0:0,0.000000,0.000000,0.000000,0,0
381,1071,115020,1,0,380,1970-1-1 8:0:0:0,0.000000,0.000000,0.000000,0,0
382,1071,115020,1,0,381,1970-1-1 8:0:0:0,0.000000,0.000000,0.000000,0,0
383,1071,115020,1,0,382,1970-1-1 8:0:0:0,0.000000,0.000000,0.000000,0,0
384,1071,115020,1,0,383,1970-1-1 8:0:0:0,0.000000,0.000000,0.000000,0,0
385,1071,115020,1,0,384,1970-1-1 8:0:0:0,0.000000,0.000000,0.000000,0,0
386,1071,115020,1,0,385,1970-1-1 8:0:0:0,0.000000,0.000000,0.000000,0,0
387,1071,115020,1,0,386,1970-1-1 8:0:0:0,0.000000,0.000000,0.000000,0,0
388,1071,115020,1,0,387,1970-1-1 8:0:0:0,0.000000,0.000000,0.000000,0,0
389,1071,115020,1,0,388,1970-1-1 8:0:0:0,0.000000,0.000000,0.000000,0,0
390,1071,115020,1,0,389,1970-1-1 8:0:0:0,0.000000,0.000000,0.000000,0,0
391,1071,115020,1,0,390,1970-1-1 8:0:0:0,0.000000,0.000000,0.000000,0,0
392,1071,115020,1,0,391,1970-1-1 8:0:0:0,0.000000,0.000000,0.000000,0,0
393,1071,115020,1,0,392,1970-1-1 8:0:0:0,0.000000,0.000000,0.000000,0,0
394,1071,115020,1,0,393,1970-1-1 8:0:0:0,0.000000,0.000000,0.000000,0,0
395,1071,115020,1,0,394,1970-1-1 8:0:0:0,0.000000,0.000000,0.000000,0,0
396,1071,115020,1,0,395,1970-1-1 8:0:0:0,0.000000,0.000000,0.000000,0,0
397,1071,115020,1,0,396,1970-1-1 8:0:0:0,0.000000,0.000000,0.000000,0,0
398,1071,115020,1,0,397,1970-1-1 8:0:0:0,0.000000,0.000000,0.000000,0,0
399,1071,115020,1,0,398,1970-1-1 8:0:0:0,0.000000,0.000000,0.000000,0,0
400,1071,115020,1,0,399,1970-1-1 8:0:0:0,0.000000,0.000000,0.000000,0,0
401,1071,115020,1,0,400,1970-1-1 8:0:0:0,0.000000,0.000000,0.000000,0,0
402,1071,115020,1,0,401,1970-1-1 8:0:0:0,0.000000,0.000000,0.000000,0,0
403,1071,115020,1,0,402,1970-1-1 8:0:0:0,0.000000,0.000000,0.000000,0,0
404,1071,115020,1,0,403,1970-1-1 8:0:0:0,0.000000,0.000000,0.000000,0,0
405,1071,115020,1,0,404,1970-1-1 8:0:0:0,0.000000,0.000000,0.000000,0,0
406,1071,115020,1,0,405,1970-1-1 8:0:0:0,0.000000,0.000000,0.000000,0,0
407,1071,115020,1,0,406,1970-1-1 8:0:0:0,0.000000,0.000000,0.000000,0,0
408,1071,115020,1,0,407,1970-1-1 8:0:0:0,0.000000,0.000000,0.000000,0,0
409,1071,115020,1,0,408,1970-1-1 8:0:0:0,0.000000,0.000000,0.000000,0,0
410,1071,115020,1,0,409,1970-1-1 8:0:0:0,0.000000,0.000000,0.000000,0,0
411,1071,115020,1,0,410,1970-1-1 8:0:0:0,0.000000,0.000000,0.000000,0,0
412,1071,115020,1,0,411,1970-1-1 8:0:0:0,0.000000,0.000000,0.000000,0,0
413,1071,115020,1,0,412,1970-1-1 8:0:0:0,0.000000,0.000000,0.000000,0,0
414,1071,115020,1,0,413,1970-1-1 8:0:0:0,0.000000,0.000000,0.000000,0,0
415,1071,115020,1,0,414,1970-1-1 8:0:0:0,0.000000,0.000000,0.000000,0,0
416,1071,115020,1,0,415,1970-1-1 8:0:0:0,0.000000,0.000000,0.000000,0,0
417,1071,115020,1,0,416,1970-1-1 8:0:0:0,0.000000,0.000000,0.000000,0,0
418,1071,115020,1,0,417,1970-1-1 8:0:0:0,0.000000,0.000000,0.000000,0,0
419,1071,115020,1,0,418,1970-1-1 8:0:0:0,0.000000,0.000000,0.000000,0,0
420,1071,115020,1,0,419,1970-1-1 8:0:0:0,0.000000,0.000000,0.000000,0,0
421,1071,115020,1,0,420,1970-1-1 8:0:0:0,0.000000,0.000000,0.000000,0,0
422,1071,115020,1,0,421,1970-1-1 8:0:0:0,0.000000,0.000000,0.000000,0,0
423,1071,115020,1,0,422,1970-1-1 8:0:0:0,0.000000,0.000000,0.000000,0,0
424,1071,115020,1,0,423,1970-1-1 8:0:0:0,0.000000,0.000000,0.000000,0,0
425,1071,115020,1,0,424,1970-1-1 8:0:0:0,0.000000,0.000000,0.000000,0,0
426,1071,115020,1,0,425,1970-1-1 8:0:0:0,0.000000,0.000000,0.000000,0,0
427,1071,115020,1,0,426,1970-1-1 8:0:0:0,0.000000,0.000000,0.000000,0,0
428,1071,115020,1,0,427,1970-1-1 8:0:0:0,0.000000,0.000000,0.000000,0,0
429,1071,115020,1,0,428,1970-1-1 8:0:0:0,0.000000,0.000000,0.000000,0,0
430,1071,115020,1,0,429,1970-1-1 8:0:0:0,0.000000,0.000000,0.000000,0,0
431,1071,115020,1,0,430,1970-1-1 8:0:0:0,0.000000,0.000000,0.000000,0,0
432,1071,115020,1,0,431,1970-1-1 8:0:0:0,0.000000,0.000000,0.000000,0,0
433,1071,115020,1,0,432,1970-1-1 8:0:0:0,0.000000,0.000000,0.000000,0,0
434,1071,115020,1,0,433,1970-1-1 8:0:0:0,0.000000,0.000000,0.000000,0,0
435,1071,115020,1,0,434,1970-1-1 8:0:0:0,0.000000,0.000000,0.000000,0,0
436,1071,115020,1,0,435,1970-1-1 8:0:0:0,0.000000,0.000000,0.000000,0,0
437,1071,115020,1,0,436,1970-1-1 8:0:0:0,0.000000,0.000000,0.000000,0,0
438,1071,115020,1,0,437,1970-1-1 8:0:0:0,0.000000,0.000000,0.000000,0,0
439,1071,115020,1,0,438,1970-1-1 8:0:0:0,0.000000,0.000000,0.000000,0,0
440,1071,115020,1,0,439,1970-1-1 8:0:0:0,0.000000,0.000000,0.000000,0,0
441,1071,115020,1,0,440,1970-1-1 8:0:0:0,0.000000,0.000000,0.000000,0,0
442,1071,115020,1,0,441,1970-1-1 8:0:0:0,0.000000,0.000000,0.000000,0,0
443,1071,115020,1,0,442,1970-1-1 8:0:0:0,0.000000,0.000000,0.000000,0,0
444,1071,115020,1,0,443,1970-1-1 8:0:0:0,0.000000,0.000000,0.000000,0,0
445,1071,115020,1,0,444,1970-1-1 8:0:0:0,0.000000,0.000000,0.000000,0,0
446,1071,115020,1,0,445,1970-1-1 8:0:0:0,0.000000,0.000000,0.000000,0,0
447,1071,115020,1,0,446,1970-1-1 8:0:0:0,0.000000,0.000000,0.000000,0,0
448,1071,115020,1,0,447,1970-1-1 8:0:0:0,0.000000,0.000000,0.000000,0,0
449,1071,115020,1,0,448,1970-1-1 8:0:0:0,0.000000,0.000000,0.000000,0,0
450,1071,115020,1,0,449,1970-1-1 8:0:0:0,0.000000,0.000000,0.000000,0,0
451,1071,115020,1,0,450,1970-1-1 8:0:0:0,0.000000,0.000000,0.000000,0,0
452,1071,115020,1,0,451,1970-1-1 8:0:0:0,0.000000,0.000000,0.000000,0,0
453,1071,115020,1,0,452,1970-1-1 8:0:0:0,0.000000,0.000000,0.000000,0,0
454,1071,115020,1,0,453,1970-1-1 8:0:0:0,0.000000,0.000000,0.000000,0,0
455,1071,115020,1,0,454,1970-1-1 8:0:0:0,0.000000,0.000000,0.000000,0,0
456,1071,115020,1,0,455,1970-1-1 8:0:0:0,0.000000,0.000000,0.000000,0,0
457,1071,115020,1,0,456,1970-1-1 8:0:0:0,0.000000,0.000000,0.000000,0,0
458,1071,115020,1,0,457,1970-1-1 8:0:0:0,0.000000,0.000000,0.000000,0,0
459,1071,115020,1,0,458,1970-1-1 8:0:0:0,0.000000,0.000000,0.000000,0,0
460,1071,115020,1,0,459,1970-1-1 8:0:0:0,0.000000,0.000000,0.000000,0,0
461,1071,115020,1,0,460,1970-1-1 8:0:0:0,0.000000,0.000000,0.000000,0,0
462,1071,115020,1,0,461,1970-1-1 8:0:0:0,0.000000,0.000000,0.000000,0,0
463,1071,115020,1,0,462,1970-1-1 8:0:0:0,0.000000,0.000000,0.000000,0,0
464,1071,115020,1,0,463,1970-1-1 8:0:0:0,0.000000,0.000000,0.000000,0,0
465,1071,115020,1,0,464,1970-1-1 8:0:0:0,0.000000,0.000000,0.000000,0,0
466,1071,115020,1,0,465,1970-1-1 8:0:0:0,0.000000,0.000000,0.000000,0,0
467,1071,115020,1,0,466,1970-1-1 8:0:0:0,0.000000,0.000000,0.000000,0,0
468,1071,115020,1,0,467,1970-1-1 8:0:0:0,0.000000,0.000000,0.000000,0,0
469,1071,115020,1,0,468,1970-1-1 8:0:0:0,0.000000,0.000000,0.000000,0,0
470,1071,115020,1,0,469,1970-1-1 8:0:0:0,0.000000,0.000000,0.000000,0,0
471,1071,115020,1,0,470,1970-1-1 8:0:0:0,0.000000,0.000000,0.000000,0,0
472,1071,115020,1,0,471,1970-1-1 8:0:0:0,0.000000,0.000000,0.000000,0,0
473,1071,115020,1,0,472,1970-1-1 8:0:0:0,0.000000,0.000000,0.000000,0,0
474,1071,115020,1,0,473,1970-1-1 8:0:0:0,0.000000,0.000000,0.000000,0,0
475,1071,115020,1,0,474,1970-1-1 8:0:0:0,0.000000,0.000000,0.000000,0,0
476,1071,115020,1,0,475,1970-1-1 8:0:0:0,0.000000,0.000000,0.000000,0,0
477,1071,115020,1,0,476,1970-1-1 8:0:0:0,0.000000,0.000000,0.000000,0,0
478,1071,115020,1,0,477,1970-1-1 8:0:0:0,0.000000,0.000000,0.000000,0,0
479,1071,115020,1,0,478,1970-1-1 8:0:0:0,0.000000,0.000000,0.000000,0,0
480,1071,115020,1,0,479,1970-1-1 8:0:0:0,0.000000,0.000000,0.000000,0,0
481,1071,115020,1,0,480,1970-1-1 8:0:0:0,0.000000,0.000000,0.000000,0,0
482,1071,115020,1,0,481,1970-1-1 8:0:0:0,0.000000,0.000000,0.000000,0,0
483,1071,115020,1,0,482,1970-1-1 8:0:0:0,0.000000,0.000000,0.000000,0,0
484,1071,115020,1,0,483,1970-1-1 8:0:0:0,0.000000,0.000000,0.000000,0,0
485,1071,115020,1,0,484,1970-1-1 8:0:0:0,0.000000,0.000000,0.000000,0,0
486,1071,115020,1,0,485,1970-1-1 8:0:0:0,0.000000,0.000000,0.000000,0,0
487,1071,115020,1,0,486,1970-1-1 8:0:0:0,0.000000,0.000000,0.000000,0,0
488,1071,115020,1,0,487,1970-1-1 8:0:0:0,0.000000,0.000000,0.000000,0,0
489,1071,115020,1,0,488,1970-1-1 8:0:0:0,0.000000,0.000000,0.000000,0,0
490,1071,115020,1,0,489,1970-1-1 8:0:0:0,0.000000,0.000000,0.000000,0,0
491,1071,115020,1,0,490,1970-1-1 8:0:0:0,0.000000,0.000000,0.000000,0,0
492,1071,115020,1,0,491,1970-1-1 8:0:0:0,0.000000,0.000000,0.000000,0,0
493,1071,115020,1,0,492,1970-1-1 8:0:0:0,0.000000,0.000000,0.000000,0,0
494,1071,115020,1,0,493,1970-1-1 8:0:0:0,0.000000,0.000000,0.000000,0,0
495,1071,115020,1,0,494,1970-1-1 8:0:0:0,0.000000,0.000000,0.000000,0,0
496,1071,115020,1,0,495,1970-1-1 8:0:0:0,0.000000,0.000000,0.000000,0,0
497,1071,115020,1,0,496,1970-1-1 8:0:0:0,0.000000,0.000000,0.000000,0,0
498,1071,115020,1,0,497,1970-1-1 8:0:0:0,0.000000,0.000000,0.000000,0,0
499,1071,115020,1,0,498,1970-1-1 8:0:0:0,0.000000,0.000000,0.000000,0,0
500,1071,115020,1,0,499,1970-1-1 8:0:0:0,0.000000,0.000000,0.000000,0,0
501,1071,115020,1,0,500,1970-1-1 8:0:0:0,0.000000,0.000000,0.000000,0,0
502,1071,115020,1,0,501,1970-1-1 8:0:0:0,0.000000,0.000000,0.000000,0,0
503,1071,115020,1,0,502,1970-1-1 8:0:0:0,0.000000,0.000000,0.000000,0,0
504,1071,115020,1,0,503,1970-1-1 8:0:0:0,0.000000,0.000000,0.000000,0,0
505,1071,115020,1,0,504,1970-1-1 8:0:0:0,0.000000,0.000000,0.000000,0,0
506,1071,115020,1,0,505,1970-1-1 8:0:0:0,0.000000,0.000000,0.000000,0,0
507,1071,115020,1,0,506,1970-1-1 8:0:0:0,0.000000,0.000000,0.000000,0,0
508,1071,115020,1,0,507,1970-1-1 8:0:0:0,0.000000,0.000000,0.000000,0,0
509,1071,115020,1,0,508,1970-1-1 8:0:0:0,0.000000,0.000000,0.000000,0,0
510,1071,115020,1,0,509,1970-1-1 8:0:0:0,0.000000,0.000000,0.000000,0,0
511,1071,115020,1,0,510,1970-1-1 8:0:0:0,0.000000,0.000000,0.000000,0,0
512,1071,115020,1,0,511,1970-1-1 8:0:0:0,0.000000,0.000000,0.000000,0,0
513,1071,115020,1,0,512,1970-1-1 8:0:0:0,0.000000,0.000000,0.000000,0,0
514,1071,115020,1,0,513,1970-1-1 8:0:0:0,0.000000,0.000000,0.000000,0,0
515,1071,115020,1,0,514,1970-1-1 8:0:0:0,0.000000,0.000000,0.000000,0,0
516,1071,115020,1,0,515,1970-1-1 8:0:0:0,0.000000,0.000000,0.000000,0,0
517,1071,115020,1,0,516,1970-1-1 8:0:0:0,0.000000,0.000000,0.000000,0,0
518,1071,115020,1,0,517,1970-1-1 8:0:0:0,0.000000,0.000000,0.000000,0,0
519,1071,115020,1,0,518,1970-1-1 8:0:0:0,0.000000,0.000000,0.000000,0,0
520,1071,115020,1,0,519,1970-1-1 8:0:0:0,0.000000,0.000000,0.000000,0,0
521,1071,115020,1,0,520,1970-1-1 8:0:0:0,0.000000,0.000000,0.000000,0,0
522,1071,115020,1,0,521,1970-1-1 8:0:0:0,0.000000,0.000000,0.000000,0,0
523,1071,115020,1,0,522,1970-1-1 8:0:0:0,0.000000,0.000000,0.000000,0,0
524,1071,115020,1,0,523,1970-1-1 8:0:0:0,0.000000,0.000000,0.000000,0,0
525,1071,115020,1,0,524,1970-1-1 8:0:0:0,0.000000,0.000000,0.000000,0,0
526,1071,115020,1,0,525,1970-1-1 8:0:0:0,0.000000,0.000000,0.000000,0,0
527,1071,115020,1,0,526,1970-1-1 8:0:0:0,0.000000,0.000000,0.000000,0,0
528,1071,115020,1,0,527,1970-1-1 8:0:0:0,0.000000,0.000000,0.000000,0,0
529,1071,115020,1,0,528,1970-1-1 8:0:0:0,0.000000,0.000000,0.000000,0,0
530,1071,115020,1,0,529,1970-1-1 8:0:0:0,0.000000,0.000000,0.000000,0,0
531,1071,115020,1,0,530,1970-1-1 8:0:0:0,0.000000,0.000000,0.000000,0,0
532,1071,115020,1,0,531,1970-1-1 8:0:0:0,0.000000,0.000000,0.000000,0,0
533,1071,115020,1,0,532,1970-1-1 8:0:0:0,0.000000,0.000000,0.000000,0,0
534,1071,115020,1,0,533,1970-1-1 8:0:0:0,0.000000,0.000000,0.000000,0,0
535,1071,115020,1,0,534,1970-1-1 8:0:0:0,0.000000,0.000000,0.000000,0,0
536,1071,115020,1,0,535,1970-1-1 8:0:0:0,0.000000,0.000000,0.000000,0,0
537,1071,115020,1,0,536,1970-1-1 8:0:0:0,0.000000,0.000000,0.000000,0,0
538,1071,115020,1,0,537,1970-1-1 8:0:0:0,0.000000,0.000000,0.000000,0,0
539,1071,115020,1,0,538,1970-1-1 8:0:0:0,0.000000,0.000000,0.000000,0,0
540,1071,115020,1,0,539,1970-1-1 8:0:0:0,0.000000,0.000000,0.000000,0,0
541,1071,115020,1,0,540,1970-1-1 8:0:0:0,0.000000,0.000000,0.000000,0,0
542,1071,115020,1,0,541,1970-1-1 8:0:0:0,0.000000,0.000000,0.000000,0,0
543,1071,115020,1,0,542,1970-1-1 8:0:0:0,0.000000,0.000000,0.000000,0,0
544,1071,115020,1,0,543,1970-1-1 8:0:0:0,0.000000,0.000000,0.000000,0,0
545,1071,115020,1,0,544,1970-1-1 8:0:0:0,0.000000,0.000000,0.000000,0,0
546,1071,115020,1,0,545,1970-1-1 8:0:0:0,0.000000,0.000000,0.000000,0,0
547,1071,115020,1,0,546,1970-1-1 8:0:0:0,0.000000,0.000000,0.000000,0,0
548,1071,115020,1,0,547,1970-1-1 8:0:0:0,0.000000,0.000000,0.000000,0,0
549,1071,115020,1,0,548,1970-1-1 8:0:0:0,0.000000,0.000000,0.000000,0,0
550,1071,115020,1,0,549,1970-1-1 8:0:0:0,0.000000,0.000000,0.000000,0,0
551,1071,115020,1,0,550,1970-1-1 8:0:0:0,0.000000,0.000000,0.000000,0,0
552,1071,115020,1,0,551,1970-1-1 8:0:0:0,0.000000,0.000000,0.000000,0,0
553,1071,115020,1,0,552,1970-1-1 8:0:0:0,0.000000,0.000000,0.000000,0,0
554,1071,115020,1,0,553,1970-1-1 8:0:0:0,0.000000,0.000000,0.000000,0,0
555,1071,115020,1,0,554,1970-1-1 8:0:0:0,0.000000,0.000000,0.000000,0,0
556,1071,115020,1,0,555,1970-1-1 8:0:0:0,0.000000,0.000000,0.000000,0,0
557,1071,115020,1,0,556,1970-1-1 8:0:0:0,0.000000,0.000000,0.000000,0,0
558,1071,115020,1,0,557,1970-1-1 8:0:0:0,0.000000,0.000000,0.000000,0,0
559,1071,115020,1,0,558,1970-1-1 8:0:0:0,0.000000,0.000000,0.000000,0,0
560,1071,115020,1,0,559,1970-1-1 8:0:0:0,0.000000,0.000000,0.000000,0,0
561,1071,115020,1,0,560,1970-1-1 8:0:0:0,0.000000,0.000000,0.000000,0,0
562,1071,115020,1,0,561,1970-1-1 8:0:0:0,0.000000,0.000000,0.000000,0,0
563,1071,115020,1,0,562,1970-1-1 8:0:0:0,0.000000,0.000000,0.000000,0,0
564,1071,115020,1,0,563,1970-1-1 8:0:0:0,0.000000,0.000000,0.000000,0,0
565,1071,115020,1,0,564,1970-1-1 8:0:0:0,0.000000,0.000000,0.000000,0,0
566,1071,115020,1,0,565,1970-1-1 8:0:0:0,0.000000,0.000000,0.000000,0,0
567,1071,115020,1,0,566,1970-1-1 8:0:0:0,0.000000,0.000000,0.000000,0,0
568,1071,115020,1,0,567,1970-1-1 8:0:0:0,0.000000,0.000000,0.000000,0,0
569,1071,115020,1,0,568,1970-1-1 8:0:0:0,0.000000,0.000000,0.000000,0,0
570,1071,115020,1,0,569,1970-1-1 8:0:0:0,0.000000,0.000000,0.000000,0,0
571,1071,115020,1,0,570,1970-1-1 8:0:0:0,0.000000,0.000000,0.000000,0,0
572,1071,115020,1,0,571,1970-1-1 8:0:0:0,0.000000,0.000000,0.000000,0,0
573,1071,115020,1,0,572,1970-1-1 8:0:0:0,0.000000,0.000000,0.000000,0,0
574,1071,115020,1,0,573,1970-1-1 8:0:0:0,0.000000,0.000000,0.000000,0,0
575,1071,115020,1,0,574,1970-1-1 8:0:0:0,0.000000,0.000000,0.000000,0,0
576,1071,115020,1,0,575,1970-1-1 8:0:0:0,0.000000,0.000000,0.000000,0,0
577,1071,115020,1,0,576,1970-1-1 8:0:0:0,0.000000,0.000000,0.000000,0,0
578,1071,115020,1,0,577,1970-1-1 8:0:0:0,0.000000,0.000000,0.000000,0,0
579,1071,115020,1,0,578,1970-1-1 8:0:0:0,0.000000,0.000000,0.000000,0,0
580,1071,115020,1,0,579,1970-1-1 8:0:0:0,0.000000,0.000000,0.000000,0,0
581,1071,115020,1,0,580,1970-1-1 8:0:0:0,0.000000,0.000000,0.000000,0,0
582,1071,115020,1,0,581,1970-1-1 8:0:0:0,0.000000,0.000000,0.000000,0,0
583,1071,115020,1,0,582,1970-1-1 8:0:0:0,0.000000,0.000000,0.000000,0,0
584,1071,115020,1,0,583,1970-1-1 8:0:0:0,0.000000,0.000000,0.000000,0,0
585,1071,115020,1,0,584,1970-1-1 8:0:0:0,0.000000,0.000000,0.000000,0,0
586,1071,115020,1,0,585,1970-1-1 8:0:0:0,0.000000,0.000000,0.000000,0,0
587,1071,115020,1,0,586,1970-1-1 8:0:0:0,0.000000,0.000000,0.000000,0,0
588,1071,115020,1,0,587,1970-1-1 8:0:0:0,0.000000,0.000000,0.000000,0,0
589,1071,115020,1,0,588,1970-1-1 8:0:0:0,0.000000,0.000000,0.000000,0,0
590,1071,115020,1,0,589,1970-1-1 8:0:0:0,0.000000,0.000000,0.000000,0,0
591,1071,115020,1,0,590,1970-1-1 8:0:0:0,0.000000,0.000000,0.000000,0,0
592,1071,115020,1,0,591,1970-1-1 8:0:0:0,0.000000,0.000000,0.000000,0,0
593,1071,115020,1,0,592,1970-1-1 8:0:0:0,0.000000,0.000000,0.000000,0,0
594,1071,115020,1,0,593,1970-1-1 8:0:0:0,0.000000,0.000000,0.000000,0,0
595,1071,115020,1,0,594,1970-1-1 8:0:0:0,0.000000,0.000000,0.000000,0,0
596,1071,115020,1,0,595,1970-1-1 8:0:0:0,0.000000,0.000000,0.000000,0,0
597,1071,115020,1,0,596,1970-1-1 8:0:0:0,0.000000,0.000000,0.000000,0,0
598,1071,115020,1,0,597,1970-1-1 8:0:0:0,0.000000,0.000000,0.000000,0,0
599,1071,115020,1,0,598,1970-1-1 8:0:0:0,0.000000,0.000000,0.000000,0,0
600,1071,115020,1,0,599,1970-1-1 8:0:0:0,0.000000,0.000000,0.000000,0,0
601,1071,115020,1,0,600,1970-1-1 8:0:0:0,0.000000,0.000000,0.000000,0,0
602,1071,115020,1,0,601,1970-1-1 8:0:0:0,0.000000,0.000000,0.000000,0,0
603,1071,115020,1,0,602,1970-1-1 8:0:0:0,0.000000,0.000000,0.000000,0,0
604,1071,115020,1,0,603,1970-1-1 8:0:0:0,0.000000,0.000000,0.000000,0,0
605,1071,115020,1,0,604,1970-1-1 8:0:0:0,0.000000,0.000000,0.000000,0,0
606,1071,115020,1,0,605,1970-1-1 8:0:0:0,0.000000,0.000000,0.000000,0,0
607,1071,115020,1,0,606,1970-1-1 8:0:0:0,0.000000,0.000000,0.000000,0,0
608,1071,115020,1,0,607,1970-1-1 8:0:0:0,0.000000,0.000000,0.000000,0,0
609,1071,115020,1,0,608,1970-1-1 8:0:0:0,0.000000,0.000000,0.000000,0,0
610,1071,115020,1,0,609,1970-1-1 8:0:0:0,0.000000,0.000000,0.000000,0,0
611,1071,115020,1,0,610,1970-1-1 8:0:0:0,0.000000,0.000000,0.000000,0,0
612,1071,115020,1,0,611,1970-1-1 8:0:0:0,0.000000,0.000000,0.000000,0,0
613,1071,115020,1,0,612,1970-1-1 8:0:0:0,0.000000,0.000000,0.000000,0,0
614,1071,115020,1,0,613,1970-1-1 8:0:0:0,0.000000,0.000000,0.000000,0,0
615,1071,115020,1,0,614,1970-1-1 8:0:0:0,0.000000,0.000000,0.000000,0,0
616,1071,115020,1,0,615,1970-1-1 8:0:0:0,0.000000,0.000000,0.000000,0,0
617,1071,115020,1,0,616,1970-1-1 8:0:0:0,0.000000,0.000000,0.000000,0,0
618,1071,115020,1,0,617,1970-1-1 8:0:0:0,0.000000,0.000000,0.000000,0,0
619,1071,115020,1,0,618,1970-1-1 8:0:0:0,0.000000,0.000000,0.000000,0,0
620,1071,115020,1,0,619,1970-1-1 8:0:0:0,0.000000,0.000000,0.000000,0,0
621,1071,115020,1,0,620,1970-1-1 8:0:0:0,0.000000,0.000000,0.000000,0,0
622,1071,115020,1,0,621,1970-1-1 8:0:0:0,0.000000,0.000000,0.000000,0,0
623,1071,115020,1,0,622,1970-1-1 8:0:0:0,0.000000,0.000000,0.000000,0,0
624,1071,115020,1,0,623,1970-1-1 8:0:0:0,0.000000,0.000000,0.000000,0,0
625,1071,115020,1,0,624,1970-1-1 8:0:0:0,0.000000,0.000000,0.000000,0,0
626,1071,115020,1,0,625,1970-1-1 8:0:0:0,0.000000,0.000000,0.000000,0,0
627,1071,115020,1,0,626,1970-1-1 8:0:0:0,0.000000,0.000000,0.000000,0,0
628,1071,115020,1,0,627,1970-1-1 8:0:0:0,0.000000,0.000000,0.000000,0,0
629,1071,115020,1,0,628,1970-1-1 8:0:0:0,0.000000,0.000000,0.000000,0,0
630,1071,115020,1,0,629,1970-1-1 8:0:0:0,0.000000,0.000000,0.000000,0,0
631,1071,115020,1,0,630,1970-1-1 8:0:0:0,0.000000,0.000000,0.000000,0,0
632,1071,115020,1,0,631,1970-1-1 8:0:0:0,0.000000,0.000000,0.000000,0,0
633,1071,115020,1,0,632,1970-1-1 8:0:0:0,0.000000,0.000000,0.000000,0,0
634,1071,115020,1,0,633,1970-1-1 8:0:0:0,0.000000,0.000000,0.000000,0,0
635,1071,115020,1,0,634,1970-1-1 8:0:0:0,0.000000,0.000000,0.000000,0,0
636,1071,115020,1,0,635,1970-1-1 8:0:0:0,0.000000,0.000000,0.000000,0,0
637,1071,115020,1,0,636,1970-1-1 8:0:0:0,0.000000,0.000000,0.000000,0,0
638,1071,115020,1,0,637,1970-1-1 8:0:0:0,0.000000,0.000000,0.000000,0,0
639,1071,115020,1,0,638,1970-1-1 8:0:0:0,0.000000,0.000000,0.000000,0,0
640,1071,115020,1,0,639,1970-1-1 8:0:0:0,0.000000,0.000000,0.000000,0,0
641,1071,115020,1,0,640,1970-1-1 8:0:0:0,0.000000,0.000000,0.000000,0,0
642,1071,115020,1,0,641,1970-1-1 8:0:0:0,0.000000,0.000000,0.000000,0,0
643,1071,115020,1,0,642,1970-1-1 8:0:0:0,0.000000,0.000000,0.000000,0,0
644,1071,115020,1,0,643,1970-1-1 8:0:0:0,0.000000,0.000000,0.000000,0,0
645,1071,115020,1,0,644,1970-1-1 8:0:0:0,0.000000,0.000000,0.000000,0,0
646,1071,115020,1,0,645,1970-1-1 8:0:0:0,0.000000,0.000000,0.000000,0,0
647,1071,115020,1,0,646,1970-1-1 8:0:0:0,0.000000,0.000000,0.000000,0,0
648,1071,115020,1,0,647,1970-1-1 8:0:0:0,0.000000,0.000000,0.000000,0,0
649,1071,115020,1,0,648,1970-1-1 8:0:0:0,0.000000,0.000000,0.000000,0,0
650,1071,115020,1,0,649,1970-1-1 8:0:0:0,0.000000,0.000000,0.000000,0,0
651,1071,115020,1,0,650,1970-1-1 8:0:0:0,0.000000,0.000000,0.000000,0,0
652,1071,115020,1,0,651,1970-1-1 8:0:0:0,0.000000,0.000000,0.000000,0,0
653,1071,115020,1,0,652,1970-1-1 8:0:0:0,0.000000,0.000000,0.000000,0,0
654,1071,115020,1,0,653,1970-1-1 8:0:0:0,0.000000,0.000000,0.000000,0,0
655,1071,115020,1,0,654,1970-1-1 8:0:0:0,0.000000,0.000000,0.000000,0,0
656,1071,115020,1,0,655,1970-1-1 8:0:0:0,0.000000,0.000000,0.000000,0,0
657,1071,115020,1,0,656,1970-1-1 8:0:0:0,0.000000,0.000000,0.000000,0,0
658,1071,115020,1,0,657,1970-1-1 8:0:0:0,0.000000,0.000000,0.000000,0,0
659,1071,115020,1,0,658,1970-1-1 8:0:0:0,0.000000,0.000000,0.000000,0,0
660,1071,115020,1,0,659,1970-1-1 8:0:0:0,0.000000,0.000000,0.000000,0,0
661,1071,115020,1,0,660,1970-1-1 8:0:0:0,0.000000,0.000000,0.000000,0,0
662,1071,115020,1,0,661,1970-1-1 8:0:0:0,0.000000,0.000000,0.000000,0,0
663,1071,115020,1,0,662,1970-1-1 8:0:0:0,0.000000,0.000000,0.000000,0,0
664,1071,115020,1,0,663,1970-1-1 8:0:0:0,0.000000,0.000000,0.000000,0,0
665,1071,115020,1,0,664,1970-1-1 8:0:0:0,0.000000,0.000000,0.000000,0,0
666,1071,115020,1,0,665,1970-1-1 8:0:0:0,0.000000,0.000000,0.000000,0,0
667,1071,115020,1,0,666,1970-1-1 8:0:0:0,0.000000,0.000000,0.000000,0,0
668,1071,115020,1,0,667,1970-1-1 8:0:0:0,0.000000,0.000000,0.000000,0,0
669,1071,115020,1,0,668,1970-1-1 8:0:0:0,0.000000,0.000000,0.000000,0,0
670,1071,115020,1,0,669,1970-1-1 8:0:0:0,0.000000,0.000000,0.000000,0,0
671,1071,115020,1,0,670,1970-1-1 8:0:0:0,0.000000,0.000000,0.000000,0,0
672,1071,115020,1,0,671,1970-1-1 8:0:0:0,0.000000,0.000000,0.000000,0,0
673,1071,115020,1,0,672,1970-1-1 8:0:0:0,0.000000,0.000000,0.000000,0,0
